{
  "region_weights": {
    "NSW1": {
      "base": 0.28,
      "weather": 0.72,
      "event": 0.0
    },
    "QLD1": {
      "base": 0.09,
      "weather": 0.56,
      "event": 0.35
    },
    "SA1": {
      "base": 0.14,
      "weather": 0.8,
      "event": 0.05999999999999994
    },
    "TAS1": {
      "base": 0.23,
      "weather": 0.45,
      "event": 0.32
    },
    "VIC1": {
      "base": 0.28,
      "weather": 0.55,
      "event": 0.16999999999999993
    }
  },
  "global_weights": {
    "base": 0.22,
    "weather": 0.62,
    "event": 0.16000000000000003
  },
  "prior_blend": 0.7,
  "metrics": {
    "global_val_wmape": 0.05070041865110397,
    "region_val_wmape": {
      "NSW1": 0.044486742466688156,
      "QLD1": 0.036794666200876236,
      "SA1": 0.11944776773452759,
      "TAS1": 0.05869236961007118,
      "VIC1": 0.0575595460832119
    }
  }
}