{
  "lag_baseline": {
    "wmape": 0.060235150158405304,
    "mae": 251.07884216308594,
    "rmse": 405.9871826171875,
    "smape": 0.0727650448679924
  },
  "base_only": {
    "wmape": 0.06355355679988861,
    "mae": 264.9109802246094,
    "rmse": 390.34869384765625,
    "smape": 0.08454415202140808
  },
  "base_weather": {
    "wmape": 0.05105400085449219,
    "mae": 212.8089599609375,
    "rmse": 309.7333984375,
    "smape": 0.06831768155097961
  },
  "fixed_multimodal": {
    "wmape": 0.05089500546455383,
    "mae": 212.14622497558594,
    "rmse": 309.0691223144531,
    "smape": 0.06762900203466415
  },
  "agent_routed": {
    "wmape": 0.049754150211811066,
    "mae": 207.39077758789062,
    "rmse": 300.519775390625,
    "smape": 0.06655558943748474
  },
  "agent_routed_peak_wmape": 0.040116406977176666,
  "fixed_multimodal_peak_wmape": 0.0417666956782341,
  "by_region": {
    "NSW1": {
      "wmape": 0.03717049956321716,
      "mae": 275.2353820800781,
      "rmse": 377.28485107421875,
      "smape": 0.03673454001545906
    },
    "QLD1": {
      "wmape": 0.04016388952732086,
      "mae": 255.58285522460938,
      "rmse": 334.77520751953125,
      "smape": 0.04064309969544411
    },
    "SA1": {
      "wmape": 0.11094434559345245,
      "mae": 141.47927856445312,
      "rmse": 186.72447204589844,
      "smape": 0.12612970173358917
    },
    "TAS1": {
      "wmape": 0.06772096455097198,
      "mae": 75.71973419189453,
      "rmse": 95.78646087646484,
      "smape": 0.0670737624168396
    },
    "VIC1": {
      "wmape": 0.061738014221191406,
      "mae": 288.9365539550781,
      "rmse": 391.2816467285156,
      "smape": 0.062196869403123856
    }
  },
  "agent_routed_event_day_wmape": 0.04601549729704857,
  "fixed_multimodal_event_day_wmape": 0.04737882316112518
}