month,actual_sum,fixed_abs_error_sum,agent_abs_error_sum,fixed_wmape,agent_wmape,improve_pct
2022-01,32084571.2890625,1799917.4288330078,1753447.1751708984,0.0560991578356103,0.05465079023102427,2.581799193546265
2022-02,28107130.2578125,1625412.5598144531,1571128.3919677734,0.0578291894229459,0.055897858570284724,3.339716278116886
2022-03,31167018.203125,1500244.0830078125,1491213.9301757812,0.04813563085279004,0.0478458965967512,0.6019122444347111
2022-04,28578328.66015625,1251673.1790771484,1210227.5170288086,0.04379798391857059,0.04234773598625805,3.311220751642013
2022-05,15116234.390625,696290.0679931641,693443.6247558594,0.04606240218298011,0.045874098458405024,0.4088013556632653
