region,n_peak_days,fixed_wmape,agent_wmape,improve_pct
NSW1,14,0.045748873784513484,0.04347155977316502,4.977858082529155
QLD1,14,0.04759025919786707,0.04713239286900625,0.9621009353135498
SA1,14,0.10608372351527687,0.12365064839000857,-16.55949121375055
TAS1,14,0.060751373906822094,0.05419856960098557,10.786265205930883
VIC1,14,0.07634638796629453,0.07174952724095289,6.0210585566550545
