region,avg_base_weight,avg_weather_weight,avg_event_weight
NSW1,0.2891616145769755,0.6862430236957692,0.024595384451526092
QLD1,0.12988924582799274,0.5195016423861186,0.35060912569363906
SA1,0.1716654151678085,0.7595424652099609,0.0687921196222305
TAS1,0.2368841022253036,0.4347675740718841,0.328348308801651
VIC1,0.27354143460591634,0.5325230673507407,0.19393549616690034
